{
  "Agriculture_Irrigation_Electricity": {
    "Weekday": [
      1.284895,
      1.376673,
      1.468451,
      1.468451,
      1.376673,
      1.284895,
      1.101338,
      1.00956,
      0.917782,
      0.826004,
      0.734226,
      0.734226,
      0.642447,
      0.642447,
      0.642447,
      0.688337,
      0.734226,
      0.780115,
      0.826004,
      0.917782,
      1.00956,
      1.101338,
      1.193117,
      1.239006
    ],
    "Weekend": [
      1.284895,
      1.376673,
      1.468451,
      1.468451,
      1.376673,
      1.284895,
      1.101338,
      1.00956,
      0.917782,
      0.826004,
      0.734226,
      0.734226,
      0.642447,
      0.642447,
      0.642447,
      0.688337,
      0.734226,
      0.780115,
      0.826004,
      0.917782,
      1.00956,
      1.101338,
      1.193117,
      1.239006
    ]
  },
  "Agriculture_Machinery_Diesel": {
    "Weekday": [
      0.118812,
      0.118812,
      0.118812,
      0.178218,
      0.237624,
      0.475248,
      0.950495,
      1.425743,
      1.663366,
      1.90099,
      1.90099,
      1.782178,
      1.544554,
      1.425743,
      1.663366,
      1.90099,
      1.90099,
      1.663366,
      1.188119,
      0.831683,
      0.475248,
      0.237624,
      0.178218,
      0.118812
    ],
    "Weekend": [
      0.124449,
      0.124449,
      0.124449,
      0.186674,
      0.248898,
      0.497796,
      0.945813,
      1.418719,
      1.655172,
      1.891626,
      1.891626,
      1.773399,
      1.536946,
      1.418719,
      1.655172,
      1.891626,
      1.891626,
      1.655172,
      1.182266,
      0.827586,
      0.497796,
      0.248898,
      0.186674,
      0.124449
    ]
  }
}