{
  "AT": {
    "Refrigeration": 0.16161616161616163,
    "Laundry": 0.12121212121212122,
    "Dishwashers": 0.05050505050505051,
    "Cooking": 0.11111111111111112,
    "Lighting": 0.10101010101010102,
    "TV": 0.12121212121212122,
    "Computer": 0.08080808080808081,
    "Other": 0.25252525252525254
  },
  "BE": {
    "Refrigeration": 0.15151515151515152,
    "Laundry": 0.13131313131313133,
    "Dishwashers": 0.06060606060606061,
    "Cooking": 0.09090909090909091,
    "Lighting": 0.09090909090909091,
    "TV": 0.13131313131313133,
    "Computer": 0.09090909090909091,
    "Other": 0.25252525252525254
  },
  "BG": {
    "Refrigeration": 0.18947368421052632,
    "Laundry": 0.11578947368421053,
    "Dishwashers": 0.02105263157894737,
    "Cooking": 0.1368421052631579,
    "Lighting": 0.12631578947368421,
    "TV": 0.1473684210526316,
    "Computer": 0.06315789473684211,
    "Other": 0.2
  },
  "HR": {
    "Refrigeration": 0.1847826086956522,
    "Laundry": 0.13043478260869565,
    "Dishwashers": 0.03260869565217391,
    "Cooking": 0.13043478260869565,
    "Lighting": 0.11956521739130434,
    "TV": 0.14130434782608695,
    "Computer": 0.06521739130434782,
    "Other": 0.19565217391304346
  },
  "CY": {
    "Refrigeration": 0.19444444444444448,
    "Laundry": 0.125,
    "Dishwashers": 0.05555555555555556,
    "Cooking": 0.1388888888888889,
    "Lighting": 0.125,
    "TV": 0.1527777777777778,
    "Computer": 0.09722222222222224,
    "Other": 0.11111111111111112
  },
  "CZ": {
    "Refrigeration": 0.17171717171717174,
    "Laundry": 0.12121212121212122,
    "Dishwashers": 0.04040404040404041,
    "Cooking": 0.12121212121212122,
    "Lighting": 0.11111111111111112,
    "TV": 0.13131313131313133,
    "Computer": 0.07070707070707072,
    "Other": 0.23232323232323235
  },
  "DK": {
    "Refrigeration": 0.14,
    "Laundry": 0.14,
    "Dishwashers": 0.07,
    "Cooking": 0.08,
    "Lighting": 0.08,
    "TV": 0.12,
    "Computer": 0.1,
    "Other": 0.27
  },
  "EE": {
    "Refrigeration": 0.16,
    "Laundry": 0.13,
    "Dishwashers": 0.04,
    "Cooking": 0.14,
    "Lighting": 0.11,
    "TV": 0.12,
    "Computer": 0.07,
    "Other": 0.23
  },
  "FI": {
    "Refrigeration": 0.15,
    "Laundry": 0.13,
    "Dishwashers": 0.06,
    "Cooking": 0.15,
    "Lighting": 0.09,
    "TV": 0.11,
    "Computer": 0.08,
    "Other": 0.23
  },
  "FR": {
    "Refrigeration": 0.16494845360824742,
    "Laundry": 0.12371134020618557,
    "Dishwashers": 0.051546391752577324,
    "Cooking": 0.10309278350515465,
    "Lighting": 0.09278350515463918,
    "TV": 0.13402061855670103,
    "Computer": 0.08247422680412371,
    "Other": 0.24742268041237114
  },
  "DE": {
    "Refrigeration": 0.15151515151515152,
    "Laundry": 0.13131313131313133,
    "Dishwashers": 0.06060606060606061,
    "Cooking": 0.10101010101010102,
    "Lighting": 0.09090909090909091,
    "TV": 0.12121212121212122,
    "Computer": 0.09090909090909091,
    "Other": 0.25252525252525254
  },
  "GR": {
    "Refrigeration": 0.1923076923076923,
    "Laundry": 0.12820512820512822,
    "Dishwashers": 0.03846153846153846,
    "Cooking": 0.14102564102564102,
    "Lighting": 0.12820512820512822,
    "TV": 0.15384615384615383,
    "Computer": 0.07692307692307691,
    "Other": 0.14102564102564102
  },
  "HU": {
    "Refrigeration": 0.1836734693877551,
    "Laundry": 0.11224489795918367,
    "Dishwashers": 0.030612244897959183,
    "Cooking": 0.1326530612244898,
    "Lighting": 0.12244897959183673,
    "TV": 0.14285714285714288,
    "Computer": 0.061224489795918366,
    "Other": 0.21428571428571427
  },
  "IE": {
    "Refrigeration": 0.14,
    "Laundry": 0.15,
    "Dishwashers": 0.05,
    "Cooking": 0.09,
    "Lighting": 0.08,
    "TV": 0.14,
    "Computer": 0.1,
    "Other": 0.25
  },
  "IT": {
    "Refrigeration": 0.18823529411764706,
    "Laundry": 0.12941176470588237,
    "Dishwashers": 0.047058823529411764,
    "Cooking": 0.09411764705882353,
    "Lighting": 0.10588235294117647,
    "TV": 0.1411764705882353,
    "Computer": 0.0823529411764706,
    "Other": 0.21176470588235294
  },
  "LV": {
    "Refrigeration": 0.17,
    "Laundry": 0.12,
    "Dishwashers": 0.03,
    "Cooking": 0.14,
    "Lighting": 0.12,
    "TV": 0.13,
    "Computer": 0.06,
    "Other": 0.23
  },
  "LT": {
    "Refrigeration": 0.17,
    "Laundry": 0.12,
    "Dishwashers": 0.03,
    "Cooking": 0.14,
    "Lighting": 0.12,
    "TV": 0.13,
    "Computer": 0.06,
    "Other": 0.23
  },
  "LU": {
    "Refrigeration": 0.1326530612244898,
    "Laundry": 0.14285714285714288,
    "Dishwashers": 0.0816326530612245,
    "Cooking": 0.0816326530612245,
    "Lighting": 0.07142857142857144,
    "TV": 0.1326530612244898,
    "Computer": 0.11224489795918367,
    "Other": 0.24489795918367346
  },
  "MT": {
    "Refrigeration": 0.19117647058823528,
    "Laundry": 0.13235294117647056,
    "Dishwashers": 0.058823529411764705,
    "Cooking": 0.11764705882352941,
    "Lighting": 0.13235294117647056,
    "TV": 0.16176470588235292,
    "Computer": 0.10294117647058824,
    "Other": 0.10294117647058824
  },
  "NL": {
    "Refrigeration": 0.15151515151515152,
    "Laundry": 0.13131313131313133,
    "Dishwashers": 0.07070707070707072,
    "Cooking": 0.07070707070707072,
    "Lighting": 0.08080808080808081,
    "TV": 0.13131313131313133,
    "Computer": 0.10101010101010102,
    "Other": 0.26262626262626265
  },
  "PL": {
    "Refrigeration": 0.18181818181818182,
    "Laundry": 0.12121212121212122,
    "Dishwashers": 0.030303030303030304,
    "Cooking": 0.13131313131313133,
    "Lighting": 0.12121212121212122,
    "TV": 0.14141414141414144,
    "Computer": 0.06060606060606061,
    "Other": 0.21212121212121213
  },
  "PT": {
    "Refrigeration": 0.17777777777777778,
    "Laundry": 0.12222222222222222,
    "Dishwashers": 0.044444444444444446,
    "Cooking": 0.11111111111111112,
    "Lighting": 0.11111111111111112,
    "TV": 0.14444444444444446,
    "Computer": 0.07777777777777778,
    "Other": 0.2111111111111111
  },
  "RO": {
    "Refrigeration": 0.1958762886597938,
    "Laundry": 0.1134020618556701,
    "Dishwashers": 0.020618556701030927,
    "Cooking": 0.1443298969072165,
    "Lighting": 0.13402061855670103,
    "TV": 0.15463917525773196,
    "Computer": 0.051546391752577324,
    "Other": 0.18556701030927836
  },
  "SK": {
    "Refrigeration": 0.17171717171717174,
    "Laundry": 0.12121212121212122,
    "Dishwashers": 0.04040404040404041,
    "Cooking": 0.12121212121212122,
    "Lighting": 0.11111111111111112,
    "TV": 0.13131313131313133,
    "Computer": 0.07070707070707072,
    "Other": 0.23232323232323235
  },
  "SI": {
    "Refrigeration": 0.16666666666666669,
    "Laundry": 0.13541666666666669,
    "Dishwashers": 0.052083333333333336,
    "Cooking": 0.11458333333333334,
    "Lighting": 0.10416666666666667,
    "TV": 0.125,
    "Computer": 0.07291666666666667,
    "Other": 0.22916666666666669
  },
  "ES": {
    "Refrigeration": 0.18604651162790697,
    "Laundry": 0.12790697674418605,
    "Dishwashers": 0.046511627906976744,
    "Cooking": 0.10465116279069767,
    "Lighting": 0.10465116279069767,
    "TV": 0.13953488372093023,
    "Computer": 0.08139534883720931,
    "Other": 0.20930232558139533
  },
  "SE": {
    "Refrigeration": 0.14,
    "Laundry": 0.14,
    "Dishwashers": 0.07,
    "Cooking": 0.13,
    "Lighting": 0.08,
    "TV": 0.11,
    "Computer": 0.09,
    "Other": 0.24
  },
  "UK": {
    "Refrigeration": 0.14,
    "Laundry": 0.14,
    "Dishwashers": 0.06,
    "Cooking": 0.11,
    "Lighting": 0.08,
    "TV": 0.14,
    "Computer": 0.1,
    "Other": 0.23
  }
}