{
  "Refrigeration": {
    "Households": {
      "Weekday": [0.041667, 0.041667, 0.041667, 0.041667, 0.041667, 0.041667, 0.041667, 0.041667, 0.041667, 0.041667, 0.041667, 0.041667, 0.041667, 0.041667, 0.041667, 0.041667, 0.041667, 0.041667, 0.041667, 0.041667, 0.041667, 0.041667, 0.041667, 0.041667],
      "Weekend": [0.041667, 0.041667, 0.041667, 0.041667, 0.041667, 0.041667, 0.041667, 0.041667, 0.041667, 0.041667, 0.041667, 0.041667, 0.041667, 0.041667, 0.041667, 0.041667, 0.041667, 0.041667, 0.041667, 0.041667, 0.041667, 0.041667, 0.041667, 0.041667]
    },
    "Buildings": {
      "Weekday": [0.041667, 0.041667, 0.041667, 0.041667, 0.041667, 0.041667, 0.041667, 0.041667, 0.041667, 0.041667, 0.041667, 0.041667, 0.041667, 0.041667, 0.041667, 0.041667, 0.041667, 0.041667, 0.041667, 0.041667, 0.041667, 0.041667, 0.041667, 0.041667],
      "Weekend": [0.041667, 0.041667, 0.041667, 0.041667, 0.041667, 0.041667, 0.041667, 0.041667, 0.041667, 0.041667, 0.041667, 0.041667, 0.041667, 0.041667, 0.041667, 0.041667, 0.041667, 0.041667, 0.041667, 0.041667, 0.041667, 0.041667, 0.041667, 0.041667]
    }
  },
  "Cooking": {
    "Households": {
      "Weekday": [0.015, 0.012, 0.010, 0.010, 0.012, 0.025, 0.08, 0.12, 0.06, 0.035, 0.025, 0.035, 0.08, 0.12, 0.065, 0.045, 0.035, 0.055, 0.12, 0.18, 0.20, 0.15, 0.08, 0.035],
      "Weekend": [0.025, 0.020, 0.018, 0.018, 0.020, 0.025, 0.035, 0.055, 0.08, 0.12, 0.09, 0.065, 0.055, 0.12, 0.18, 0.15, 0.08, 0.055, 0.085, 0.15, 0.18, 0.12, 0.065, 0.035]
    },
    "Buildings": {
      "Weekday": [0.020, 0.018, 0.016, 0.016, 0.018, 0.035, 0.065, 0.085, 0.065, 0.045, 0.035, 0.045, 0.065, 0.085, 0.065, 0.045, 0.035, 0.065, 0.10, 0.13, 0.12, 0.085, 0.055, 0.035],
      "Weekend": [0.030, 0.028, 0.026, 0.026, 0.028, 0.030, 0.035, 0.045, 0.055, 0.065, 0.08, 0.10, 0.12, 0.10, 0.08, 0.065, 0.055, 0.065, 0.12, 0.15, 0.12, 0.08, 0.055, 0.040]
    }
  },
  "TV": {
    "Households": {
      "Weekday": [0.025, 0.022, 0.020, 0.020, 0.022, 0.025, 0.030, 0.035, 0.040, 0.035, 0.030, 0.035, 0.045, 0.055, 0.045, 0.035, 0.040, 0.055, 0.085, 0.12, 0.13, 0.12, 0.085, 0.055],
      "Weekend": [0.030, 0.028, 0.026, 0.026, 0.028, 0.030, 0.032, 0.035, 0.040, 0.045, 0.055, 0.060, 0.055, 0.050, 0.055, 0.060, 0.055, 0.050, 0.075, 0.11, 0.13, 0.11, 0.075, 0.050]
    },
    "Buildings": {
      "Weekday": [0.030, 0.028, 0.026, 0.026, 0.028, 0.030, 0.032, 0.035, 0.040, 0.045, 0.050, 0.065, 0.10, 0.13, 0.10, 0.065, 0.050, 0.065, 0.12, 0.15, 0.12, 0.085, 0.055, 0.040],
      "Weekend": [0.030, 0.028, 0.026, 0.026, 0.028, 0.030, 0.032, 0.035, 0.040, 0.045, 0.055, 0.060, 0.055, 0.050, 0.055, 0.060, 0.055, 0.050, 0.075, 0.11, 0.13, 0.11, 0.075, 0.050]
    }
  },
  "Computer": {
    "Households": {
      "Weekday": [0.030, 0.028, 0.026, 0.026, 0.028, 0.032, 0.038, 0.045, 0.052, 0.048, 0.042, 0.038, 0.040, 0.042, 0.040, 0.042, 0.055, 0.075, 0.092, 0.105, 0.110, 0.095, 0.065, 0.045],
      "Weekend": [0.035, 0.032, 0.030, 0.030, 0.032, 0.035, 0.038, 0.042, 0.048, 0.058, 0.068, 0.065, 0.055, 0.052, 0.058, 0.068, 0.065, 0.055, 0.068, 0.082, 0.085, 0.072, 0.055, 0.045]
    },
    "Buildings": {
      "Weekday": [0.018, 0.016, 0.014, 0.014, 0.016, 0.020, 0.028, 0.042, 0.065, 0.085, 0.095, 0.098, 0.092, 0.078, 0.085, 0.095, 0.088, 0.065, 0.048, 0.035, 0.025, 0.020, 0.018, 0.018],
      "Weekend": [0.038, 0.036, 0.034, 0.034, 0.036, 0.038, 0.040, 0.042, 0.048, 0.065, 0.075, 0.070, 0.065, 0.072, 0.065, 0.055, 0.045, 0.040, 0.038, 0.038, 0.038, 0.038, 0.038, 0.038]
    }
  },
  "Laundry": {
    "Households": {
      "Weekday": [0.035, 0.032, 0.030, 0.030, 0.032, 0.042, 0.065, 0.085, 0.072, 0.055, 0.045, 0.042, 0.045, 0.048, 0.045, 0.042, 0.045, 0.055, 0.075, 0.11, 0.13, 0.11, 0.075, 0.055],
      "Weekend": [0.038, 0.036, 0.034, 0.034, 0.036, 0.040, 0.045, 0.052, 0.065, 0.085, 0.095, 0.082, 0.065, 0.060, 0.075, 0.095, 0.082, 0.065, 0.055, 0.050, 0.045, 0.042, 0.040, 0.038]
    },
    "Buildings": {
      "Weekday": [0.032, 0.030, 0.028, 0.028, 0.030, 0.038, 0.055, 0.070, 0.058, 0.045, 0.038, 0.035, 0.038, 0.040, 0.038, 0.035, 0.038, 0.048, 0.068, 0.095, 0.11, 0.095, 0.068, 0.048],
      "Weekend": [0.035, 0.033, 0.031, 0.031, 0.033, 0.037, 0.042, 0.048, 0.058, 0.072, 0.082, 0.075, 0.062, 0.055, 0.065, 0.082, 0.075, 0.062, 0.048, 0.042, 0.038, 0.035, 0.033, 0.032]
    }
  },
  "Dishwashers": {
    "Households": {
      "Weekday": [0.035, 0.032, 0.030, 0.030, 0.032, 0.035, 0.040, 0.048, 0.055, 0.048, 0.042, 0.040, 0.042, 0.045, 0.042, 0.040, 0.042, 0.048, 0.065, 0.085, 0.11, 0.13, 0.12, 0.085],
      "Weekend": [0.032, 0.030, 0.028, 0.028, 0.030, 0.032, 0.035, 0.038, 0.042, 0.048, 0.072, 0.085, 0.072, 0.058, 0.085, 0.098, 0.085, 0.065, 0.055, 0.065, 0.11, 0.13, 0.11, 0.075]
    },
    "Buildings": {
      "Weekday": [0.028, 0.026, 0.024, 0.024, 0.026, 0.030, 0.038, 0.055, 0.068, 0.055, 0.045, 0.048, 0.095, 0.13, 0.11, 0.075, 0.055, 0.048, 0.055, 0.075, 0.11, 0.13, 0.095, 0.065],
      "Weekend": [0.028, 0.026, 0.024, 0.024, 0.026, 0.028, 0.030, 0.032, 0.035, 0.040, 0.055, 0.075, 0.065, 0.082, 0.095, 0.082, 0.065, 0.055, 0.050, 0.055, 0.085, 0.11, 0.085, 0.055]
    }
  },
  "Other": {
    "Households": {
      "Weekday": [0.042, 0.041, 0.040, 0.040, 0.041, 0.042, 0.044, 0.046, 0.048, 0.050, 0.048, 0.046, 0.046, 0.048, 0.048, 0.046, 0.046, 0.048, 0.050, 0.052, 0.050, 0.048, 0.046, 0.044],
      "Weekend": [0.038, 0.037, 0.036, 0.036, 0.037, 0.038, 0.039, 0.040, 0.042, 0.045, 0.055, 0.065, 0.060, 0.050, 0.058, 0.068, 0.060, 0.048, 0.042, 0.040, 0.039, 0.038, 0.037, 0.037]
    },
    "Buildings": {
      "Weekday": [0.037, 0.036, 0.035, 0.035, 0.036, 0.038, 0.042, 0.048, 0.055, 0.058, 0.055, 0.048, 0.045, 0.048, 0.048, 0.045, 0.045, 0.048, 0.055, 0.058, 0.055, 0.048, 0.042, 0.040],
      "Weekend": [0.034, 0.033, 0.032, 0.032, 0.033, 0.034, 0.035, 0.036, 0.038, 0.042, 0.052, 0.062, 0.058, 0.048, 0.055, 0.065, 0.058, 0.045, 0.038, 0.036, 0.035, 0.034, 0.033, 0.033]
    }
  }
}
