{
  "Industry_Aluminium_Energetic": {
    "Weekday": [
      1.0,
      1.0,
      1.0,
      1.0,
      1.0,
      1.0,
      1.0,
      1.0,
      1.0,
      1.0,
      1.0,
      1.0,
      1.0,
      1.0,
      1.0,
      1.0,
      1.0,
      1.0,
      1.0,
      1.0,
      1.0,
      1.0,
      1.0,
      1.0
    ],
    "Weekend": [
      1.0,
      1.0,
      1.0,
      1.0,
      1.0,
      1.0,
      1.0,
      1.0,
      1.0,
      1.0,
      1.0,
      1.0,
      1.0,
      1.0,
      1.0,
      1.0,
      1.0,
      1.0,
      1.0,
      1.0,
      1.0,
      1.0,
      1.0,
      1.0
    ]
  },
  "Industry_Chemical_Energetic": {
    "Weekday": [
      1.0,
      1.0,
      1.0,
      1.0,
      1.0,
      1.0,
      1.0,
      1.0,
      1.0,
      1.0,
      1.0,
      1.0,
      1.0,
      1.0,
      1.0,
      1.0,
      1.0,
      1.0,
      1.0,
      1.0,
      1.0,
      1.0,
      1.0,
      1.0
    ],
    "Weekend": [
      1.0,
      1.0,
      1.0,
      1.0,
      1.0,
      1.0,
      1.0,
      1.0,
      1.0,
      1.0,
      1.0,
      1.0,
      1.0,
      1.0,
      1.0,
      1.0,
      1.0,
      1.0,
      1.0,
      1.0,
      1.0,
      1.0,
      1.0,
      1.0
    ]
  },
  "Industry_Datacenters_Energetic": {
    "Weekday": [
      0.994503,
      0.994503,
      0.994503,
      0.994503,
      0.974207,
      0.994503,
      1.004651,
      1.014799,
      1.014799,
      1.014799,
      1.014799,
      1.004651,
      0.994503,
      0.994503,
      1.004651,
      1.014799,
      1.014799,
      1.014799,
      1.004651,
      0.994503,
      0.984355,
      0.974207,
      0.994503,
      0.994503
    ],
    "Weekend": [
      0.991482,
      0.991482,
      0.991482,
      0.991482,
      0.971039,
      0.991482,
      1.001704,
      1.001704,
      1.001704,
      1.001704,
      1.001704,
      1.022147,
      1.011925,
      1.011925,
      1.022147,
      1.022147,
      1.022147,
      1.022147,
      1.001704,
      0.991482,
      0.981261,
      0.971039,
      0.991482,
      0.991482
    ]
  },
  "Industry_Fertilizer_Energetic": {
    "Weekday": [
      1.0,
      1.0,
      1.0,
      1.0,
      1.0,
      1.0,
      1.0,
      1.0,
      1.0,
      1.0,
      1.0,
      1.0,
      1.0,
      1.0,
      1.0,
      1.0,
      1.0,
      1.0,
      1.0,
      1.0,
      1.0,
      1.0,
      1.0,
      1.0
    ],
    "Weekend": [
      1.0,
      1.0,
      1.0,
      1.0,
      1.0,
      1.0,
      1.0,
      1.0,
      1.0,
      1.0,
      1.0,
      1.0,
      1.0,
      1.0,
      1.0,
      1.0,
      1.0,
      1.0,
      1.0,
      1.0,
      1.0,
      1.0,
      1.0,
      1.0
    ]
  },
  "Industry_Metals_Energetic": {
    "Weekday": [
      0.979176,
      0.979176,
      0.979176,
      0.979176,
      0.979176,
      0.999575,
      1.009775,
      1.019975,
      1.019975,
      1.019975,
      1.019975,
      1.009775,
      0.999575,
      0.999575,
      1.009775,
      1.019975,
      1.019975,
      1.019975,
      1.009775,
      0.999575,
      0.989375,
      0.979176,
      0.979176,
      0.979176
    ],
    "Weekend": [
      0.982097,
      0.982097,
      0.982097,
      0.982097,
      0.982097,
      1.002558,
      1.012788,
      1.012788,
      1.012788,
      1.012788,
      1.012788,
      1.012788,
      1.002558,
      1.002558,
      1.012788,
      1.012788,
      1.012788,
      1.012788,
      1.012788,
      1.002558,
      0.992327,
      0.982097,
      0.982097,
      0.982097
    ]
  },
  "Industry_Paper_Energetic": {
    "Weekday": [
      1.0,
      1.0,
      1.0,
      1.0,
      1.0,
      1.0,
      1.0,
      1.0,
      1.0,
      1.0,
      1.0,
      1.0,
      1.0,
      1.0,
      1.0,
      1.0,
      1.0,
      1.0,
      1.0,
      1.0,
      1.0,
      1.0,
      1.0,
      1.0
    ],
    "Weekend": [
      1.0,
      1.0,
      1.0,
      1.0,
      1.0,
      1.0,
      1.0,
      1.0,
      1.0,
      1.0,
      1.0,
      1.0,
      1.0,
      1.0,
      1.0,
      1.0,
      1.0,
      1.0,
      1.0,
      1.0,
      1.0,
      1.0,
      1.0,
      1.0
    ]
  },
  "Industry_Refineries_Energetic": {
    "Weekday": [
      1.0,
      1.0,
      1.0,
      1.0,
      1.0,
      1.0,
      1.0,
      1.0,
      1.0,
      1.0,
      1.0,
      1.0,
      1.0,
      1.0,
      1.0,
      1.0,
      1.0,
      1.0,
      1.0,
      1.0,
      1.0,
      1.0,
      1.0,
      1.0
    ],
    "Weekend": [
      1.0,
      1.0,
      1.0,
      1.0,
      1.0,
      1.0,
      1.0,
      1.0,
      1.0,
      1.0,
      1.0,
      1.0,
      1.0,
      1.0,
      1.0,
      1.0,
      1.0,
      1.0,
      1.0,
      1.0,
      1.0,
      1.0,
      1.0,
      1.0
    ]
  },
  "Industry_Steel_Energetic": {
    "Weekday": [
      0.971453,
      0.971453,
      0.971453,
      0.971453,
      0.981679,
      1.00213,
      1.012356,
      1.022582,
      1.022582,
      1.022582,
      1.022582,
      1.012356,
      1.00213,
      1.00213,
      1.012356,
      1.022582,
      1.022582,
      1.022582,
      1.012356,
      1.00213,
      0.991905,
      0.981679,
      0.971453,
      0.971453
    ],
    "Weekend": [
      0.969489,
      0.969489,
      0.969489,
      0.969489,
      0.990116,
      1.010743,
      1.021057,
      1.010743,
      1.010743,
      1.010743,
      1.010743,
      1.021057,
      1.010743,
      1.010743,
      1.021057,
      1.010743,
      1.010743,
      1.010743,
      1.021057,
      1.010743,
      1.00043,
      0.990116,
      0.969489,
      0.969489
    ]
  },
  "Industry_Food_Energetic": {
    "Weekday": [
      0.470588,
      0.451765,
      0.442353,
      0.442353,
      0.470588,
      0.611765,
      1.035294,
      1.505882,
      1.647059,
      1.694118,
      1.694118,
      1.647059,
      1.505882,
      1.552941,
      1.6,
      1.552941,
      1.411765,
      0.941176,
      0.752941,
      0.611765,
      0.517647,
      0.489412,
      0.48,
      0.470588
    ],
    "Weekend": [
      0.954064,
      0.954064,
      0.954064,
      0.954064,
      0.954064,
      0.954064,
      1.017668,
      1.060071,
      1.060071,
      1.060071,
      1.060071,
      1.060071,
      1.060071,
      1.060071,
      1.060071,
      1.060071,
      1.017668,
      0.975265,
      0.954064,
      0.954064,
      0.954064,
      0.954064,
      0.954064,
      0.954064
    ]
  },
  "Industry_Other_Energetic": {
    "Weekday": [
      0.437779,
      0.389137,
      0.36968,
      0.36968,
      0.408593,
      0.583705,
      0.972842,
      1.556546,
      1.702473,
      1.751115,
      1.751115,
      1.702473,
      1.556546,
      1.605188,
      1.653831,
      1.605188,
      1.459262,
      0.972842,
      0.729631,
      0.583705,
      0.486421,
      0.466964,
      0.447507,
      0.437779
    ],
    "Weekend": [
      0.929032,
      0.929032,
      0.929032,
      0.929032,
      0.929032,
      0.929032,
      1.083871,
      1.083871,
      1.083871,
      1.083871,
      1.083871,
      1.083871,
      1.083871,
      1.083871,
      1.083871,
      1.083871,
      1.083871,
      0.929032,
      0.929032,
      0.929032,
      0.929032,
      0.929032,
      0.929032,
      0.929032
    ]
  },
  "Industry_Chemicals_Non-energetic": {
    "Weekday": [
      1.0,
      1.0,
      1.0,
      1.0,
      1.0,
      1.0,
      1.0,
      1.0,
      1.0,
      1.0,
      1.0,
      1.0,
      1.0,
      1.0,
      1.0,
      1.0,
      1.0,
      1.0,
      1.0,
      1.0,
      1.0,
      1.0,
      1.0,
      1.0
    ],
    "Weekend": [
      1.0,
      1.0,
      1.0,
      1.0,
      1.0,
      1.0,
      1.0,
      1.0,
      1.0,
      1.0,
      1.0,
      1.0,
      1.0,
      1.0,
      1.0,
      1.0,
      1.0,
      1.0,
      1.0,
      1.0,
      1.0,
      1.0,
      1.0,
      1.0
    ]
  },